{
  "employees": [
    {
      "id": 1,
      "Name": "Rakeshhhhh",
      "Salary": 25000,
      "Age": 26
    },
    {
      "id": 2,
      "Name": "Ramesh Ramesh",
      "Salary": 35000,
      "Age": 27
    },
    {
      "id": 3,
      "Name": "Radhesh Radhesh",
      "Salary": 55000,
      "Age": 30
    },
    {
      "id": 4,
      "Name": "RadinisRakesh",
      "Salary": 75000,
      "Age": 27
    },
    {
      "id": 5,
      "Name": "Akash",
      "Salary": 77000,
      "Age": 26
    },
    {
      "id": 6,
      "Name": "Vikasrrr",
      "Salary": 72000,
      "Age": 22
    }
  ]
}