{
    "employees":[
        {
            "id":1,
            "employename":"abc",
            "employe_email":"abc@gmail.com"
        },
        {
            "id":2,
            "employename":"pqr",
            "employe_email":"pqr@gmail.com"
        },
        {
            "id":3,
            "employename":"xyz",
            "employe_email":"xyz@gmail.com"
        },
        {
            "id":4,
            "employename":"asd",
            "employe_email":"asd@gmail.com"
        },
        {
            "id":5,
            "employename":"qwe",
            "employe_email":"qwe@gmail.com"
        },
        {
            "id":6,
            "employename":"pop",
            "employe_email":"pop@gmail.com"
        },
        {
            "id":7,
            "employename":"bcs",
            "employe_email":"bcs@gmail.com"
        },
        {
            "id":8,
            "employename":"bs",
            "employe_email":"bs@gmail.com"
        },
        {
            "id":9,
            "employename":"charan",
            "employe_email":"charan@gmail.com"
        },
        {
            "id":10,
            "employename":"sekhar",
            "employe_email":"sekhar@gmail.com"
        }



   ]
}