{
  "employees": [
    {
      "id": 1,
      "Name": "Rakesh",
      "Salary": 25000,
      "Age": 26
    },
    {
      "id": 2,
      "Name": "Ramesh",
      "Salary": 35000,
      "Age": 27
    },
    {
      "id": 3,
      "Name": "Radhesh",
      "Salary": 55000,
      "Age": 30
    },
    {
      "id": 4,
      "Name": "Rakesh",
      "Salary": 75000,
      "Age": 27
    },
    {
      "id": 5,
      "Name": "Ranesh",
      "Salary": 25000,
      "Age": 25
    },
    {
      "id": 6,
      "Name": "Vikas",
      "Salary": 72000,
      "Age": 22
    },
    {
      "id": 7,
      "Name": "Ravesh",
      "Salary": 25000,
      "Age": 29
    }
  ]
}